ZipCode,Month,Year,CustomerClass,Combined,TotalCustomers,TotalkWh,AveragekWh
91901,7,2024,A,Y,0,0,0
91901,7,2024,C,Y,0,0,0
91901,7,2024,I,Y,0,0,0
91901,7,2024,R,Y,2418,1900917,786
91902,7,2024,A,Y,0,0,0
91902,7,2024,C,Y,0,0,0
91902,7,2024,I,Y,0,0,0
91902,7,2024,R,N,971,421147,434
91905,7,2024,A,Y,0,0,0
91905,7,2024,C,Y,0,0,0
91905,7,2024,I,Y,0,0,0
91905,7,2024,R,Y,0,0,0
91906,7,2024,A,Y,0,0,0
91906,7,2024,C,Y,0,0,0
91906,7,2024,I,Y,0,0,0
91906,7,2024,R,Y,541,411295,760
91910,7,2024,A,Y,0,0,0
91910,7,2024,C,Y,474,7031751,14835
91910,7,2024,I,Y,0,0,0
91910,7,2024,R,Y,6605,2069873,313
91911,7,2024,A,Y,0,0,0
91911,7,2024,C,Y,654,6696351,10239
91911,7,2024,I,Y,0,0,0
91911,7,2024,R,Y,5644,1778374,315
91912,7,2024,A,Y,0,0,0
91912,7,2024,C,Y,0,0,0
91912,7,2024,I,Y,0,0,0
91912,7,2024,R,Y,0,0,0
91913,7,2024,A,Y,0,0,0
91913,7,2024,C,Y,0,0,0
91913,7,2024,I,Y,0,0,0
91913,7,2024,R,N,5796,2521507,435
91914,7,2024,A,Y,0,0,0
91914,7,2024,C,Y,0,0,0
91914,7,2024,I,Y,0,0,0
91914,7,2024,R,N,804,375295,467
91915,7,2024,A,Y,0,0,0
91915,7,2024,C,Y,0,0,0
91915,7,2024,I,Y,0,0,0
91915,7,2024,R,Y,3505,1627213,464
91916,7,2024,A,Y,0,0,0
91916,7,2024,C,Y,0,0,0
91916,7,2024,I,Y,0,0,0
91916,7,2024,R,Y,0,0,0
91917,7,2024,A,Y,0,0,0
91917,7,2024,C,Y,0,0,0
91917,7,2024,I,Y,0,0,0
91917,7,2024,R,Y,0,0,0
91931,7,2024,A,Y,0,0,0
91931,7,2024,C,Y,0,0,0
91931,7,2024,I,Y,0,0,0
91931,7,2024,R,Y,0,0,0
91932,7,2024,A,Y,0,0,0
91932,7,2024,C,N,125,493794,3950
91932,7,2024,I,Y,0,0,0
91932,7,2024,R,N,3568,985249,276
91934,7,2024,A,Y,0,0,0
91934,7,2024,C,Y,0,0,0
91934,7,2024,I,Y,0,0,0
91934,7,2024,R,Y,0,0,0
91935,7,2024,A,Y,0,0,0
91935,7,2024,C,Y,0,0,0
91935,7,2024,I,Y,0,0,0
91935,7,2024,R,N,493,307716,624
91941,7,2024,A,Y,0,0,0
91941,7,2024,C,Y,0,0,0
91941,7,2024,I,Y,0,0,0
91941,7,2024,R,N,3050,1341701,440
91942,7,2024,A,Y,0,0,0
91942,7,2024,C,N,509,5918518,11628
91942,7,2024,I,Y,0,0,0
91942,7,2024,R,N,6143,2524220,411
91945,7,2024,A,Y,0,0,0
91945,7,2024,C,N,585,3003325,5134
91945,7,2024,I,Y,0,0,0
91945,7,2024,R,N,9027,3609991,400
91948,7,2024,A,Y,0,0,0
91948,7,2024,C,Y,0,0,0
91948,7,2024,I,Y,0,0,0
91948,7,2024,R,Y,0,0,0
91950,7,2024,A,Y,0,0,0
91950,7,2024,C,Y,505,6849669,13564
91950,7,2024,I,Y,0,0,0
91950,7,2024,R,Y,2983,1159654,389
91962,7,2024,A,Y,0,0,0
91962,7,2024,C,Y,0,0,0
91962,7,2024,I,Y,0,0,0
91962,7,2024,R,Y,0,0,0
91963,7,2024,A,Y,0,0,0
91963,7,2024,C,Y,0,0,0
91963,7,2024,I,Y,0,0,0
91963,7,2024,R,Y,0,0,0
91977,7,2024,A,Y,0,0,0
91977,7,2024,C,Y,0,0,0
91977,7,2024,I,Y,0,0,0
91977,7,2024,R,N,3381,1381875,409
91978,7,2024,A,Y,0,0,0
91978,7,2024,C,Y,0,0,0
91978,7,2024,I,Y,0,0,0
91978,7,2024,R,N,591,385267,652
91980,7,2024,A,Y,0,0,0
91980,7,2024,C,Y,0,0,0
91980,7,2024,I,Y,0,0,0
91980,7,2024,R,Y,0,0,0
92003,7,2024,A,Y,0,0,0
92003,7,2024,C,Y,0,0,0
92003,7,2024,I,Y,0,0,0
92003,7,2024,R,N,358,128804,360
92004,7,2024,A,Y,0,0,0
92004,7,2024,C,Y,0,0,0
92004,7,2024,I,Y,0,0,0
92004,7,2024,R,Y,353,349024,989
92007,7,2024,A,Y,0,0,0
92007,7,2024,C,Y,0,0,0
92007,7,2024,I,Y,0,0,0
92007,7,2024,R,N,1216,373769,307
92008,7,2024,A,Y,0,0,0
92008,7,2024,C,Y,0,0,0
92008,7,2024,I,Y,0,0,0
92008,7,2024,R,N,5054,1707305,338
92009,7,2024,A,Y,0,0,0
92009,7,2024,C,Y,0,0,0
92009,7,2024,I,Y,0,0,0
92009,7,2024,R,N,4516,1693083,375
92010,7,2024,A,Y,0,0,0
92010,7,2024,C,Y,0,0,0
92010,7,2024,I,Y,0,0,0
92010,7,2024,R,N,2460,1585762,645
92011,7,2024,A,Y,0,0,0
92011,7,2024,C,N,252,2116642,8399
92011,7,2024,I,Y,0,0,0
92011,7,2024,R,N,3030,1086050,358
92014,7,2024,A,Y,0,0,0
92014,7,2024,C,Y,0,0,0
92014,7,2024,I,Y,0,0,0
92014,7,2024,R,N,1913,778690,407
92019,7,2024,A,Y,0,0,0
92019,7,2024,C,Y,0,0,0
92019,7,2024,I,Y,0,0,0
92019,7,2024,R,N,7554,5075665,672
92020,7,2024,A,Y,0,0,0
92020,7,2024,C,N,2040,16440703,8059
92020,7,2024,I,Y,0,0,0
92020,7,2024,R,N,19555,11000564,563
92021,7,2024,A,Y,0,0,0
92021,7,2024,C,Y,0,0,0
92021,7,2024,I,Y,0,0,0
92021,7,2024,R,N,12772,8612760,674
92024,7,2024,A,Y,0,0,0
92024,7,2024,C,Y,0,0,0
92024,7,2024,I,Y,0,0,0
92024,7,2024,R,Y,4854,1513186,312
92025,7,2024,A,Y,0,0,0
92025,7,2024,C,Y,405,4188281,10341
92025,7,2024,I,Y,0,0,0
92025,7,2024,R,Y,2967,1319713,445
92026,7,2024,A,Y,0,0,0
92026,7,2024,C,N,92,1254280,13633
92026,7,2024,I,Y,0,0,0
92026,7,2024,R,N,3159,1637993,519
92027,7,2024,A,Y,0,0,0
92027,7,2024,C,Y,0,0,0
92027,7,2024,I,Y,0,0,0
92027,7,2024,R,Y,3133,1605539,512
92028,7,2024,A,Y,0,0,0
92028,7,2024,C,Y,0,0,0
92028,7,2024,I,Y,0,0,0
92028,7,2024,R,N,3754,1543910,411
92029,7,2024,A,Y,0,0,0
92029,7,2024,C,Y,0,0,0
92029,7,2024,I,Y,0,0,0
92029,7,2024,R,N,1235,1350925,1094
92036,7,2024,A,Y,0,0,0
92036,7,2024,C,Y,0,0,0
92036,7,2024,I,Y,0,0,0
92036,7,2024,R,Y,380,229536,604
92037,7,2024,A,Y,0,0,0
92037,7,2024,C,Y,0,0,0
92037,7,2024,I,Y,0,0,0
92037,7,2024,R,Y,5758,2232253,388
92040,7,2024,A,Y,0,0,0
92040,7,2024,C,Y,0,0,0
92040,7,2024,I,Y,0,0,0
92040,7,2024,R,N,3111,4075382,1310
92045,7,2024,C,Y,0,0,0
92045,7,2024,I,Y,0,0,0
92045,7,2024,R,Y,0,0,0
92049,7,2024,A,Y,0,0,0
92049,7,2024,C,Y,0,0,0
92049,7,2024,I,Y,0,0,0
92049,7,2024,R,Y,0,0,0
92054,7,2024,A,Y,0,0,0
92054,7,2024,C,Y,165,2579562,15634
92054,7,2024,I,Y,0,0,0
92054,7,2024,R,Y,2955,601170,203
92055,7,2024,A,Y,0,0,0
92055,7,2024,C,Y,0,0,0
92055,7,2024,I,Y,0,0,0
92055,7,2024,R,Y,0,0,0
92056,7,2024,A,Y,0,0,0
92056,7,2024,C,Y,0,0,0
92056,7,2024,I,Y,0,0,0
92056,7,2024,R,N,5546,674266,122
92057,7,2024,A,Y,0,0,0
92057,7,2024,C,Y,0,0,0
92057,7,2024,I,Y,0,0,0
92057,7,2024,R,Y,5266,632599,120
92058,7,2024,A,Y,0,0,0
92058,7,2024,C,Y,0,0,0
92058,7,2024,I,Y,0,0,0
92058,7,2024,R,Y,1528,874770,572
92059,7,2024,A,Y,0,0,0
92059,7,2024,C,Y,0,0,0
92059,7,2024,I,Y,0,0,0
92059,7,2024,R,N,414,389793,942
92060,7,2024,A,Y,0,0,0
92060,7,2024,C,Y,0,0,0
92060,7,2024,I,Y,0,0,0
92060,7,2024,R,Y,0,0,0
92061,7,2024,A,Y,0,0,0
92061,7,2024,C,Y,0,0,0
92061,7,2024,I,Y,0,0,0
92061,7,2024,R,N,375,313299,835
92064,7,2024,A,Y,0,0,0
92064,7,2024,C,Y,0,0,0
92064,7,2024,I,Y,0,0,0
92064,7,2024,R,Y,15751,8092402,514
92065,7,2024,A,Y,0,0,0
92065,7,2024,C,Y,0,0,0
92065,7,2024,I,Y,0,0,0
92065,7,2024,R,Y,2750,2020387,735
92066,7,2024,A,Y,0,0,0
92066,7,2024,C,Y,0,0,0
92066,7,2024,I,Y,0,0,0
92066,7,2024,R,Y,0,0,0
92067,7,2024,A,Y,0,0,0
92067,7,2024,C,Y,0,0,0
92067,7,2024,I,Y,0,0,0
92067,7,2024,R,N,555,660865,1191
92068,7,2024,A,Y,0,0,0
92068,7,2024,C,Y,0,0,0
92068,7,2024,I,Y,0,0,0
92068,7,2024,R,Y,0,0,0
92069,7,2024,A,Y,0,0,0
92069,7,2024,C,Y,0,0,0
92069,7,2024,I,Y,0,0,0
92069,7,2024,R,Y,3203,843567,263
92070,7,2024,A,Y,0,0,0
92070,7,2024,C,Y,0,0,0
92070,7,2024,I,Y,0,0,0
92070,7,2024,R,Y,0,0,0
92071,7,2024,A,Y,0,0,0
92071,7,2024,C,Y,1366,10124128,7412
92071,7,2024,I,Y,0,0,0
92071,7,2024,R,Y,19995,14744931,737
92072,7,2024,A,Y,0,0,0
92072,7,2024,C,Y,0,0,0
92072,7,2024,I,Y,0,0,0
92072,7,2024,R,Y,0,0,0
92075,7,2024,A,Y,0,0,0
92075,7,2024,C,N,696,2972376,4271
92075,7,2024,I,Y,0,0,0
92075,7,2024,R,N,5676,2242001,395
92078,7,2024,A,Y,0,0,0
92078,7,2024,C,Y,0,0,0
92078,7,2024,I,Y,0,0,0
92078,7,2024,R,N,3524,1593422,452
92079,7,2024,A,Y,0,0,0
92079,7,2024,C,Y,0,0,0
92079,7,2024,I,Y,0,0,0
92079,7,2024,R,Y,0,0,0
92081,7,2024,A,Y,0,0,0
92081,7,2024,C,Y,0,0,0
92081,7,2024,I,Y,0,0,0
92081,7,2024,R,Y,2851,664677,233
92082,7,2024,A,Y,0,0,0
92082,7,2024,C,Y,0,0,0
92082,7,2024,I,Y,0,0,0
92082,7,2024,R,Y,1781,1255998,705
92083,7,2024,A,Y,0,0,0
92083,7,2024,C,N,110,1218688,11079
92083,7,2024,I,Y,0,0,0
92083,7,2024,R,N,2560,435387,170
92084,7,2024,A,Y,0,0,0
92084,7,2024,C,Y,0,0,0
92084,7,2024,I,Y,0,0,0
92084,7,2024,R,Y,3279,706645,216
92085,7,2024,A,Y,0,0,0
92085,7,2024,C,Y,0,0,0
92085,7,2024,I,Y,0,0,0
92085,7,2024,R,Y,0,0,0
92086,7,2024,A,Y,0,0,0
92086,7,2024,C,Y,0,0,0
92086,7,2024,I,Y,0,0,0
92086,7,2024,R,Y,109,84605,776
92091,7,2024,A,Y,0,0,0
92091,7,2024,C,Y,0,0,0
92091,7,2024,I,Y,0,0,0
92091,7,2024,R,N,167,129531,776
92092,7,2024,A,Y,0,0,0
92092,7,2024,C,Y,0,0,0
92092,7,2024,I,Y,0,0,0
92092,7,2024,R,Y,0,0,0
92093,7,2024,A,Y,0,0,0
92093,7,2024,C,Y,0,0,0
92093,7,2024,I,Y,0,0,0
92093,7,2024,R,Y,0,0,0
92096,7,2024,A,Y,0,0,0
92096,7,2024,C,Y,0,0,0
92096,7,2024,I,Y,0,0,0
92096,7,2024,R,Y,0,0,0
92101,7,2024,A,Y,0,0,0
92101,7,2024,C,Y,0,0,0
92101,7,2024,I,Y,0,0,0
92101,7,2024,R,Y,15499,6702754,432
92102,7,2024,A,Y,0,0,0
92102,7,2024,C,N,195,1610293,8258
92102,7,2024,I,Y,0,0,0
92102,7,2024,R,N,4538,1338946,295
92103,7,2024,A,Y,0,0,0
92103,7,2024,C,Y,0,0,0
92103,7,2024,I,Y,0,0,0
92103,7,2024,R,Y,7573,2163240,286
92104,7,2024,A,Y,0,0,0
92104,7,2024,C,Y,0,0,0
92104,7,2024,I,Y,0,0,0
92104,7,2024,R,N,8529,2168085,254
92105,7,2024,A,Y,0,0,0
92105,7,2024,C,Y,0,0,0
92105,7,2024,I,Y,0,0,0
92105,7,2024,R,N,5774,1687763,292
92106,7,2024,A,Y,0,0,0
92106,7,2024,C,Y,0,0,0
92106,7,2024,I,Y,0,0,0
92106,7,2024,R,Y,2035,652470,321
92107,7,2024,A,Y,0,0,0
92107,7,2024,C,Y,0,0,0
92107,7,2024,I,Y,0,0,0
92107,7,2024,R,N,4408,1059109,240
92108,7,2024,A,Y,0,0,0
92108,7,2024,C,N,449,12593295,28047
92108,7,2024,I,Y,0,0,0
92108,7,2024,R,N,8376,3418191,408
92109,7,2024,A,Y,0,0,0
92109,7,2024,C,Y,0,0,0
92109,7,2024,I,Y,0,0,0
92109,7,2024,R,N,9307,2459236,264
92110,7,2024,A,Y,0,0,0
92110,7,2024,C,Y,0,0,0
92110,7,2024,I,Y,0,0,0
92110,7,2024,R,N,4361,1372064,315
92111,7,2024,A,Y,0,0,0
92111,7,2024,C,Y,645,5751387,8917
92111,7,2024,I,Y,0,0,0
92111,7,2024,R,Y,4307,1246826,289
92112,7,2024,A,Y,0,0,0
92112,7,2024,C,Y,0,0,0
92112,7,2024,I,Y,0,0,0
92112,7,2024,R,Y,0,0,0
92113,7,2024,A,Y,0,0,0
92113,7,2024,C,Y,0,0,0
92113,7,2024,I,Y,0,0,0
92113,7,2024,R,N,3278,886660,270
92114,7,2024,A,Y,0,0,0
92114,7,2024,C,Y,0,0,0
92114,7,2024,I,Y,0,0,0
92114,7,2024,R,N,3191,1143800,358
92115,7,2024,A,Y,0,0,0
92115,7,2024,C,Y,566,5158912,9115
92115,7,2024,I,Y,0,0,0
92115,7,2024,R,Y,7538,1911412,254
92116,7,2024,A,Y,0,0,0
92116,7,2024,C,Y,0,0,0
92116,7,2024,I,Y,0,0,0
92116,7,2024,R,N,6118,1527574,250
92117,7,2024,A,Y,0,0,0
92117,7,2024,C,N,245,2131706,8701
92117,7,2024,I,Y,0,0,0
92117,7,2024,R,N,5395,1372376,254
92118,7,2024,A,Y,0,0,0
92118,7,2024,C,Y,0,0,0
92118,7,2024,I,Y,0,0,0
92118,7,2024,R,Y,7945,5109117,643
92119,7,2024,A,Y,0,0,0
92119,7,2024,C,Y,0,0,0
92119,7,2024,I,Y,0,0,0
92119,7,2024,R,N,2343,944264,403
92120,7,2024,A,Y,0,0,0
92120,7,2024,C,Y,0,0,0
92120,7,2024,I,Y,0,0,0
92120,7,2024,R,N,4195,1838799,438
92121,7,2024,A,Y,0,0,0
92121,7,2024,C,Y,0,0,0
92121,7,2024,I,Y,0,0,0
92121,7,2024,R,Y,731,616580,843
92122,7,2024,A,Y,0,0,0
92122,7,2024,C,Y,0,0,0
92122,7,2024,I,Y,0,0,0
92122,7,2024,R,N,10299,2816359,273
92123,7,2024,A,Y,0,0,0
92123,7,2024,C,Y,481,20174819,41943
92123,7,2024,I,Y,0,0,0
92123,7,2024,R,Y,4747,2492456,525
92124,7,2024,A,Y,0,0,0
92124,7,2024,C,Y,0,0,0
92124,7,2024,I,Y,0,0,0
92124,7,2024,R,N,3063,1275255,416
92126,7,2024,A,Y,0,0,0
92126,7,2024,C,Y,632,4369491,6914
92126,7,2024,I,Y,0,0,0
92126,7,2024,R,Y,8326,2627090,316
92127,7,2024,A,Y,0,0,0
92127,7,2024,C,Y,0,0,0
92127,7,2024,I,Y,0,0,0
92127,7,2024,R,N,3478,2267275,652
92128,7,2024,A,Y,0,0,0
92128,7,2024,C,Y,0,0,0
92128,7,2024,I,Y,0,0,0
92128,7,2024,R,Y,5774,2821317,489
92129,7,2024,A,Y,0,0,0
92129,7,2024,C,Y,0,0,0
92129,7,2024,I,Y,0,0,0
92129,7,2024,R,N,4532,1650935,364
92130,7,2024,A,Y,0,0,0
92130,7,2024,C,Y,0,0,0
92130,7,2024,I,Y,0,0,0
92130,7,2024,R,N,6598,2275594,345
92131,7,2024,A,Y,0,0,0
92131,7,2024,C,Y,217,3774037,17392
92131,7,2024,I,Y,0,0,0
92131,7,2024,R,Y,3324,1343550,404
92132,7,2024,A,Y,0,0,0
92132,7,2024,C,Y,0,0,0
92132,7,2024,I,Y,0,0,0
92132,7,2024,R,Y,0,0,0
92134,7,2024,A,Y,0,0,0
92134,7,2024,C,Y,0,0,0
92134,7,2024,I,Y,0,0,0
92134,7,2024,R,Y,0,0,0
92135,7,2024,A,Y,0,0,0
92135,7,2024,C,Y,0,0,0
92135,7,2024,I,Y,0,0,0
92135,7,2024,R,Y,0,0,0
92136,7,2024,A,Y,0,0,0
92136,7,2024,C,Y,0,0,0
92136,7,2024,I,Y,0,0,0
92136,7,2024,R,Y,0,0,0
92139,7,2024,A,Y,0,0,0
92139,7,2024,C,Y,0,0,0
92139,7,2024,I,Y,0,0,0
92139,7,2024,R,N,1896,626722,331
92145,7,2024,A,Y,0,0,0
92145,7,2024,C,Y,0,0,0
92145,7,2024,I,Y,0,0,0
92145,7,2024,R,Y,0,0,0
92152,7,2024,A,Y,0,0,0
92152,7,2024,C,Y,0,0,0
92152,7,2024,I,Y,0,0,0
92152,7,2024,R,Y,0,0,0
92154,7,2024,A,Y,0,0,0
92154,7,2024,C,Y,612,9322572,15233
92154,7,2024,I,Y,0,0,0
92154,7,2024,R,Y,5144,1957566,381
92155,7,2024,A,Y,0,0,0
92155,7,2024,C,Y,0,0,0
92155,7,2024,I,Y,0,0,0
92155,7,2024,R,Y,0,0,0
92158,7,2024,A,Y,0,0,0
92158,7,2024,C,Y,0,0,0
92158,7,2024,I,Y,0,0,0
92158,7,2024,R,Y,0,0,0
92161,7,2024,A,Y,0,0,0
92161,7,2024,C,Y,0,0,0
92161,7,2024,I,Y,0,0,0
92161,7,2024,R,Y,0,0,0
92173,7,2024,A,Y,0,0,0
92173,7,2024,C,Y,0,0,0
92173,7,2024,I,Y,0,0,0
92173,7,2024,R,N,1222,226693,186
92179,7,2024,A,Y,0,0,0
92179,7,2024,C,Y,0,0,0
92179,7,2024,I,Y,0,0,0
92179,7,2024,R,Y,0,0,0
92182,7,2024,A,Y,0,0,0
92182,7,2024,C,Y,0,0,0
92182,7,2024,I,Y,0,0,0
92182,7,2024,R,Y,0,0,0
92199,7,2024,A,Y,0,0,0
92199,7,2024,C,Y,0,0,0
92199,7,2024,I,Y,0,0,0
92199,7,2024,R,Y,0,0,0
92536,7,2024,A,Y,0,0,0
92536,7,2024,C,Y,0,0,0
92536,7,2024,I,Y,0,0,0
92536,7,2024,R,Y,0,0,0
92624,7,2024,A,Y,0,0,0
92624,7,2024,C,Y,0,0,0
92624,7,2024,I,Y,0,0,0
92624,7,2024,R,N,2870,1298332,452
92625,7,2024,A,Y,0,0,0
92629,7,2024,A,Y,0,0,0
92629,7,2024,C,Y,0,0,0
92629,7,2024,I,Y,0,0,0
92629,7,2024,R,N,13084,5807141,444
92649,7,2024,A,Y,0,0,0
92651,7,2024,A,Y,0,0,0
92651,7,2024,C,Y,0,0,0
92651,7,2024,I,Y,0,0,0
92651,7,2024,R,Y,1630,940283,577
92653,7,2024,A,Y,0,0,0
92653,7,2024,C,Y,0,0,0
92653,7,2024,I,Y,0,0,0
92653,7,2024,R,N,5716,4169292,729
92654,7,2024,A,Y,0,0,0
92654,7,2024,C,Y,0,0,0
92654,7,2024,I,Y,0,0,0
92654,7,2024,R,Y,0,0,0
92656,7,2024,A,Y,0,0,0
92656,7,2024,C,Y,0,0,0
92656,7,2024,I,Y,0,0,0
92656,7,2024,R,N,2262,1124864,497
92672,7,2024,A,Y,0,0,0
92672,7,2024,C,Y,0,0,0
92672,7,2024,I,Y,0,0,0
92672,7,2024,R,Y,15469,5787708,374
92673,7,2024,A,Y,0,0,0
92673,7,2024,C,N,766,6312151,8240
92673,7,2024,I,Y,0,0,0
92673,7,2024,R,N,10158,4713721,464
92674,7,2024,A,Y,0,0,0
92674,7,2024,C,Y,0,0,0
92674,7,2024,I,Y,0,0,0
92674,7,2024,R,Y,0,0,0
92675,7,2024,A,Y,0,0,0
92675,7,2024,C,Y,1319,9050285,6861
92675,7,2024,I,Y,0,0,0
92675,7,2024,R,Y,11919,6843723,574
92676,7,2024,A,Y,0,0,0
92676,7,2024,C,Y,0,0,0
92676,7,2024,I,Y,0,0,0
92676,7,2024,R,Y,0,0,0
92677,7,2024,A,Y,0,0,0
92677,7,2024,C,Y,1689,13563700,8031
92677,7,2024,I,Y,0,0,0
92677,7,2024,R,Y,22974,11685726,509
92679,7,2024,A,Y,0,0,0
92679,7,2024,C,Y,0,0,0
92679,7,2024,I,Y,0,0,0
92679,7,2024,R,N,3200,2734849,855
92688,7,2024,A,Y,0,0,0
92688,7,2024,C,Y,0,0,0
92688,7,2024,I,Y,0,0,0
92688,7,2024,R,N,1944,1092885,562
92690,7,2024,A,Y,0,0,0
92690,7,2024,C,Y,0,0,0
92690,7,2024,I,Y,0,0,0
92690,7,2024,R,Y,0,0,0
92691,7,2024,A,Y,0,0,0
92691,7,2024,C,Y,0,0,0
92691,7,2024,I,Y,0,0,0
92691,7,2024,R,Y,3893,2274766,584
92692,7,2024,A,Y,0,0,0
92692,7,2024,C,Y,0,0,0
92692,7,2024,I,Y,0,0,0
92692,7,2024,R,N,6306,3666852,581
92693,7,2024,A,Y,0,0,0
92693,7,2024,C,Y,0,0,0
92693,7,2024,I,Y,0,0,0
92693,7,2024,R,Y,0,0,0
92694,7,2024,A,Y,0,0,0
92694,7,2024,C,Y,0,0,0
92694,7,2024,I,Y,0,0,0
92694,7,2024,R,N,12893,7589570,589
91901,8,2024,A,Y,0,0,0
91901,8,2024,C,Y,0,0,0
91901,8,2024,I,Y,0,0,0
91901,8,2024,R,Y,2504,1745323,697
91902,8,2024,A,Y,0,0,0
91902,8,2024,C,Y,0,0,0
91902,8,2024,I,Y,0,0,0
91902,8,2024,R,N,997,543893,546
91905,8,2024,A,Y,0,0,0
91905,8,2024,C,Y,0,0,0
91905,8,2024,I,Y,0,0,0
91905,8,2024,R,Y,0,0,0
91906,8,2024,A,Y,0,0,0
91906,8,2024,C,Y,0,0,0
91906,8,2024,I,Y,0,0,0
91906,8,2024,R,Y,550,357685,650
91910,8,2024,A,Y,0,0,0
91910,8,2024,C,Y,486,7788020,16025
91910,8,2024,I,Y,0,0,0
91910,8,2024,R,Y,6846,2442526,357
91911,8,2024,A,Y,0,0,0
91911,8,2024,C,Y,670,7776742,11607
91911,8,2024,I,Y,0,0,0
91911,8,2024,R,Y,5853,2098721,359
91912,8,2024,A,Y,0,0,0
91912,8,2024,C,Y,0,0,0
91912,8,2024,I,Y,0,0,0
91912,8,2024,R,Y,0,0,0
91913,8,2024,A,Y,0,0,0
91913,8,2024,C,Y,0,0,0
91913,8,2024,I,Y,0,0,0
91913,8,2024,R,N,5988,3027535,506
91914,8,2024,A,Y,0,0,0
91914,8,2024,C,Y,0,0,0
91914,8,2024,I,Y,0,0,0
91914,8,2024,R,N,823,483308,587
91915,8,2024,A,Y,0,0,0
91915,8,2024,C,Y,0,0,0
91915,8,2024,I,Y,0,0,0
91915,8,2024,R,Y,3667,1930561,526
91916,8,2024,A,Y,0,0,0
91916,8,2024,C,Y,0,0,0
91916,8,2024,I,Y,0,0,0
91916,8,2024,R,Y,0,0,0
91917,8,2024,A,Y,0,0,0
91917,8,2024,C,Y,0,0,0
91917,8,2024,I,Y,0,0,0
91917,8,2024,R,Y,0,0,0
91931,8,2024,A,Y,0,0,0
91931,8,2024,C,Y,0,0,0
91931,8,2024,I,Y,0,0,0
91931,8,2024,R,Y,0,0,0
91932,8,2024,A,Y,0,0,0
91932,8,2024,C,N,125,629272,5034
91932,8,2024,I,Y,0,0,0
91932,8,2024,R,N,3658,1132813,310
91934,8,2024,A,Y,0,0,0
91934,8,2024,C,Y,0,0,0
91934,8,2024,I,Y,0,0,0
91934,8,2024,R,Y,0,0,0
91935,8,2024,A,Y,0,0,0
91935,8,2024,C,Y,0,0,0
91935,8,2024,I,Y,0,0,0
91935,8,2024,R,N,504,323373,642
91941,8,2024,A,Y,0,0,0
91941,8,2024,C,Y,0,0,0
91941,8,2024,I,Y,0,0,0
91941,8,2024,R,N,3158,1585522,502
91942,8,2024,A,Y,0,0,0
91942,8,2024,C,N,517,6180294,11954
91942,8,2024,I,Y,0,0,0
91942,8,2024,R,N,6296,2885099,458
91945,8,2024,A,Y,0,0,0
91945,8,2024,C,N,587,3361226,5726
91945,8,2024,I,Y,0,0,0
91945,8,2024,R,N,9101,4227362,464
91948,8,2024,A,Y,0,0,0
91948,8,2024,C,Y,0,0,0
91948,8,2024,I,Y,0,0,0
91948,8,2024,R,Y,0,0,0
91950,8,2024,A,Y,0,0,0
91950,8,2024,C,Y,533,7594649,14249
91950,8,2024,I,Y,0,0,0
91950,8,2024,R,Y,3174,1370742,432
91962,8,2024,A,Y,0,0,0
91962,8,2024,C,Y,0,0,0
91962,8,2024,I,Y,0,0,0
91962,8,2024,R,Y,0,0,0
91963,8,2024,A,Y,0,0,0
91963,8,2024,C,Y,0,0,0
91963,8,2024,I,Y,0,0,0
91963,8,2024,R,Y,0,0,0
91977,8,2024,A,Y,0,0,0
91977,8,2024,C,Y,0,0,0
91977,8,2024,I,Y,0,0,0
91977,8,2024,R,N,3572,1635558,458
91978,8,2024,A,Y,0,0,0
91978,8,2024,C,Y,0,0,0
91978,8,2024,I,Y,0,0,0
91978,8,2024,R,N,620,538595,869
91980,8,2024,A,Y,0,0,0
91980,8,2024,C,Y,0,0,0
91980,8,2024,I,Y,0,0,0
91980,8,2024,R,Y,0,0,0
92003,8,2024,A,Y,0,0,0
92003,8,2024,C,Y,0,0,0
92003,8,2024,I,Y,0,0,0
92003,8,2024,R,N,379,159416,421
92004,8,2024,A,Y,0,0,0
92004,8,2024,C,Y,0,0,0
92004,8,2024,I,Y,0,0,0
92004,8,2024,R,Y,374,302840,810
92007,8,2024,A,Y,0,0,0
92007,8,2024,C,Y,0,0,0
92007,8,2024,I,Y,0,0,0
92007,8,2024,R,N,1254,430584,343
92008,8,2024,A,Y,0,0,0
92008,8,2024,C,Y,0,0,0
92008,8,2024,I,Y,0,0,0
92008,8,2024,R,N,5160,1954563,379
92009,8,2024,A,Y,0,0,0
92009,8,2024,C,Y,0,0,0
92009,8,2024,I,Y,0,0,0
92009,8,2024,R,N,4590,2133740,465
92010,8,2024,A,Y,0,0,0
92010,8,2024,C,Y,0,0,0
92010,8,2024,I,Y,0,0,0
92010,8,2024,R,N,2524,2086717,827
92011,8,2024,A,Y,0,0,0
92011,8,2024,C,N,257,2387524,9290
92011,8,2024,I,Y,0,0,0
92011,8,2024,R,N,3131,1357041,433
92014,8,2024,A,Y,0,0,0
92014,8,2024,C,Y,0,0,0
92014,8,2024,I,Y,0,0,0
92014,8,2024,R,N,1968,936097,476
92019,8,2024,A,Y,0,0,0
92019,8,2024,C,Y,0,0,0
92019,8,2024,I,Y,0,0,0
92019,8,2024,R,N,7605,5372314,706
92020,8,2024,A,Y,0,0,0
92020,8,2024,C,N,2043,17422821,8528
92020,8,2024,I,Y,0,0,0
92020,8,2024,R,N,19598,12076793,616
92021,8,2024,A,Y,0,0,0
92021,8,2024,C,N,879,8324139,9470
92021,8,2024,I,Y,0,0,0
92021,8,2024,R,N,12925,8974511,694
92024,8,2024,A,Y,0,0,0
92024,8,2024,C,Y,0,0,0
92024,8,2024,I,Y,0,0,0
92024,8,2024,R,Y,5019,1824476,364
92025,8,2024,A,Y,0,0,0
92025,8,2024,C,Y,414,4910578,11861
92025,8,2024,I,Y,0,0,0
92025,8,2024,R,Y,3176,1510732,476
92026,8,2024,A,Y,0,0,0
92026,8,2024,C,N,95,1264312,13309
92026,8,2024,I,Y,0,0,0
92026,8,2024,R,N,3319,1872650,564
92027,8,2024,A,Y,0,0,0
92027,8,2024,C,Y,0,0,0
92027,8,2024,I,Y,0,0,0
92027,8,2024,R,Y,3278,1792642,547
92028,8,2024,A,Y,0,0,0
92028,8,2024,C,Y,0,0,0
92028,8,2024,I,Y,0,0,0
92028,8,2024,R,N,3896,1886945,484
92029,8,2024,A,Y,0,0,0
92029,8,2024,C,Y,0,0,0
92029,8,2024,I,Y,0,0,0
92029,8,2024,R,N,1288,1357888,1054
92036,8,2024,A,Y,0,0,0
92036,8,2024,C,Y,0,0,0
92036,8,2024,I,Y,0,0,0
92036,8,2024,R,Y,399,193808,486
92037,8,2024,A,Y,0,0,0
92037,8,2024,C,Y,0,0,0
92037,8,2024,I,Y,0,0,0
92037,8,2024,R,Y,5946,2626851,442
92040,8,2024,A,Y,0,0,0
92040,8,2024,C,Y,0,0,0
92040,8,2024,I,Y,0,0,0
92040,8,2024,R,N,3244,3357291,1035
92045,8,2024,C,Y,0,0,0
92045,8,2024,I,Y,0,0,0
92045,8,2024,R,Y,0,0,0
92049,8,2024,A,Y,0,0,0
92049,8,2024,C,Y,0,0,0
92049,8,2024,I,Y,0,0,0
92049,8,2024,R,Y,0,0,0
92054,8,2024,A,Y,0,0,0
92054,8,2024,C,Y,178,2856425,16047
92054,8,2024,I,Y,0,0,0
92054,8,2024,R,Y,3041,766988,252
92055,8,2024,A,Y,0,0,0
92055,8,2024,C,Y,0,0,0
92055,8,2024,I,Y,0,0,0
92055,8,2024,R,Y,0,0,0
92056,8,2024,A,Y,0,0,0
92056,8,2024,C,Y,0,0,0
92056,8,2024,I,Y,0,0,0
92056,8,2024,R,N,5431,1259284,232
92057,8,2024,A,Y,0,0,0
92057,8,2024,C,Y,0,0,0
92057,8,2024,I,Y,0,0,0
92057,8,2024,R,N,5086,1188363,234
92058,8,2024,A,Y,0,0,0
92058,8,2024,C,Y,0,0,0
92058,8,2024,I,Y,0,0,0
92058,8,2024,R,Y,1514,1050212,694
92059,8,2024,A,Y,0,0,0
92059,8,2024,C,Y,0,0,0
92059,8,2024,I,Y,0,0,0
92059,8,2024,R,N,417,412925,990
92060,8,2024,A,Y,0,0,0
92060,8,2024,C,Y,0,0,0
92060,8,2024,I,Y,0,0,0
92060,8,2024,R,Y,0,0,0
92061,8,2024,A,Y,0,0,0
92061,8,2024,C,Y,0,0,0
92061,8,2024,I,Y,0,0,0
92061,8,2024,R,N,386,307487,797
92064,8,2024,A,Y,0,0,0
92064,8,2024,C,Y,0,0,0
92064,8,2024,I,Y,0,0,0
92064,8,2024,R,N,15845,10018459,632
92065,8,2024,A,Y,0,0,0
92065,8,2024,C,Y,0,0,0
92065,8,2024,I,Y,0,0,0
92065,8,2024,R,Y,2851,1939643,680
92066,8,2024,A,Y,0,0,0
92066,8,2024,C,Y,0,0,0
92066,8,2024,I,Y,0,0,0
92066,8,2024,R,Y,0,0,0
92067,8,2024,A,Y,0,0,0
92067,8,2024,C,Y,0,0,0
92067,8,2024,I,Y,0,0,0
92067,8,2024,R,N,563,854883,1518
92068,8,2024,A,Y,0,0,0
92068,8,2024,C,Y,0,0,0
92068,8,2024,I,Y,0,0,0
92068,8,2024,R,Y,0,0,0
92069,8,2024,A,Y,0,0,0
92069,8,2024,C,Y,0,0,0
92069,8,2024,I,Y,0,0,0
92069,8,2024,R,Y,3341,906973,271
92070,8,2024,A,Y,0,0,0
92070,8,2024,C,Y,0,0,0
92070,8,2024,I,Y,0,0,0
92070,8,2024,R,Y,0,0,0
92071,8,2024,A,Y,0,0,0
92071,8,2024,C,Y,1373,10802867,7868
92071,8,2024,I,Y,0,0,0
92071,8,2024,R,Y,20105,14586659,726
92072,8,2024,A,Y,0,0,0
92072,8,2024,C,Y,0,0,0
92072,8,2024,I,Y,0,0,0
92072,8,2024,R,Y,0,0,0
92075,8,2024,A,Y,0,0,0
92075,8,2024,C,N,699,3238916,4634
92075,8,2024,I,Y,0,0,0
92075,8,2024,R,N,5690,2488426,437
92078,8,2024,A,Y,0,0,0
92078,8,2024,C,Y,0,0,0
92078,8,2024,I,Y,0,0,0
92078,8,2024,R,N,3646,2139345,587
92079,8,2024,A,Y,0,0,0
92079,8,2024,C,Y,0,0,0
92079,8,2024,I,Y,0,0,0
92079,8,2024,R,Y,0,0,0
92081,8,2024,A,Y,0,0,0
92081,8,2024,C,Y,0,0,0
92081,8,2024,I,Y,0,0,0
92081,8,2024,R,Y,2898,1064878,367
92082,8,2024,A,Y,0,0,0
92082,8,2024,C,Y,0,0,0
92082,8,2024,I,Y,0,0,0
92082,8,2024,R,Y,1814,1315710,725
92083,8,2024,A,Y,0,0,0
92083,8,2024,C,N,116,1370275,11813
92083,8,2024,I,Y,0,0,0
92083,8,2024,R,N,2569,691431,269
92084,8,2024,A,Y,0,0,0
92084,8,2024,C,Y,0,0,0
92084,8,2024,I,Y,0,0,0
92084,8,2024,R,Y,3269,1060481,324
92085,8,2024,A,Y,0,0,0
92085,8,2024,C,Y,0,0,0
92085,8,2024,I,Y,0,0,0
92085,8,2024,R,Y,0,0,0
92086,8,2024,A,Y,0,0,0
92086,8,2024,C,Y,0,0,0
92086,8,2024,I,Y,0,0,0
92086,8,2024,R,Y,112,75052,670
92091,8,2024,A,Y,0,0,0
92091,8,2024,C,Y,0,0,0
92091,8,2024,I,Y,0,0,0
92091,8,2024,R,N,179,147208,822
92092,8,2024,A,Y,0,0,0
92092,8,2024,C,Y,0,0,0
92092,8,2024,I,Y,0,0,0
92092,8,2024,R,Y,0,0,0
92093,8,2024,A,Y,0,0,0
92093,8,2024,C,Y,0,0,0
92093,8,2024,I,Y,0,0,0
92093,8,2024,R,Y,0,0,0
92096,8,2024,A,Y,0,0,0
92096,8,2024,C,Y,0,0,0
92096,8,2024,I,Y,0,0,0
92096,8,2024,R,Y,0,0,0
92101,8,2024,A,Y,0,0,0
92101,8,2024,C,Y,0,0,0
92101,8,2024,I,Y,0,0,0
92101,8,2024,R,Y,15984,7529086,471
92102,8,2024,A,Y,0,0,0
92102,8,2024,C,N,203,1908515,9402
92102,8,2024,I,Y,0,0,0
92102,8,2024,R,N,4726,1599500,338
92103,8,2024,A,Y,0,0,0
92103,8,2024,C,Y,0,0,0
92103,8,2024,I,Y,0,0,0
92103,8,2024,R,Y,7884,2516667,319
92104,8,2024,A,Y,0,0,0
92104,8,2024,C,Y,0,0,0
92104,8,2024,I,Y,0,0,0
92104,8,2024,R,N,8802,2555404,290
92105,8,2024,A,Y,0,0,0
92105,8,2024,C,Y,0,0,0
92105,8,2024,I,Y,0,0,0
92105,8,2024,R,N,5973,1960929,328
92106,8,2024,A,Y,0,0,0
92106,8,2024,C,Y,0,0,0
92106,8,2024,I,Y,0,0,0
92106,8,2024,R,Y,2115,803459,380
92107,8,2024,A,Y,0,0,0
92107,8,2024,C,Y,0,0,0
92107,8,2024,I,Y,0,0,0
92107,8,2024,R,N,4567,1219609,267
92108,8,2024,A,Y,0,0,0
92108,8,2024,C,N,461,13402016,29072
92108,8,2024,I,Y,0,0,0
92108,8,2024,R,N,8584,3769748,439
92109,8,2024,A,Y,0,0,0
92109,8,2024,C,Y,0,0,0
92109,8,2024,I,Y,0,0,0
92109,8,2024,R,N,9632,2887627,300
92110,8,2024,A,Y,0,0,0
92110,8,2024,C,Y,0,0,0
92110,8,2024,I,Y,0,0,0
92110,8,2024,R,N,4564,1586016,348
92111,8,2024,A,Y,0,0,0
92111,8,2024,C,Y,663,6348771,9576
92111,8,2024,I,Y,0,0,0
92111,8,2024,R,Y,4433,1487895,336
92112,8,2024,A,Y,0,0,0
92112,8,2024,C,Y,0,0,0
92112,8,2024,I,Y,0,0,0
92112,8,2024,R,Y,0,0,0
92113,8,2024,A,Y,0,0,0
92113,8,2024,C,Y,0,0,0
92113,8,2024,I,Y,0,0,0
92113,8,2024,R,N,3415,1052988,308
92114,8,2024,A,Y,0,0,0
92114,8,2024,C,Y,0,0,0
92114,8,2024,I,Y,0,0,0
92114,8,2024,R,N,3300,1356785,411
92115,8,2024,A,Y,0,0,0
92115,8,2024,C,Y,581,5951654,10244
92115,8,2024,I,Y,0,0,0
92115,8,2024,R,Y,7910,2804637,355
92116,8,2024,A,Y,0,0,0
92116,8,2024,C,Y,0,0,0
92116,8,2024,I,Y,0,0,0
92116,8,2024,R,N,6313,1811998,287
92117,8,2024,A,Y,0,0,0
92117,8,2024,C,Y,0,0,0
92117,8,2024,I,Y,0,0,0
92117,8,2024,R,N,5564,1709546,307
92118,8,2024,A,Y,0,0,0
92118,8,2024,C,Y,0,0,0
92118,8,2024,I,Y,0,0,0
92118,8,2024,R,Y,7960,5585674,702
92119,8,2024,A,Y,0,0,0
92119,8,2024,C,Y,0,0,0
92119,8,2024,I,Y,0,0,0
92119,8,2024,R,N,2417,1096106,453
92120,8,2024,A,Y,0,0,0
92120,8,2024,C,Y,0,0,0
92120,8,2024,I,Y,0,0,0
92120,8,2024,R,N,4347,2075200,477
92121,8,2024,A,Y,0,0,0
92121,8,2024,C,Y,0,0,0
92121,8,2024,I,Y,0,0,0
92121,8,2024,R,Y,760,664286,874
92122,8,2024,A,Y,0,0,0
92122,8,2024,C,Y,0,0,0
92122,8,2024,I,Y,0,0,0
92122,8,2024,R,N,10548,3230160,306
92123,8,2024,A,Y,0,0,0
92123,8,2024,C,Y,492,21869719,44451
92123,8,2024,I,Y,0,0,0
92123,8,2024,R,Y,4866,2777685,571
92124,8,2024,A,Y,0,0,0
92124,8,2024,C,Y,0,0,0
92124,8,2024,I,Y,0,0,0
92124,8,2024,R,N,3098,1444695,466
92126,8,2024,A,Y,0,0,0
92126,8,2024,C,Y,651,4809008,7387
92126,8,2024,I,Y,0,0,0
92126,8,2024,R,Y,8558,3132175,366
92127,8,2024,A,Y,0,0,0
92127,8,2024,C,Y,0,0,0
92127,8,2024,I,Y,0,0,0
92127,8,2024,R,N,3620,2615343,722
92128,8,2024,A,Y,0,0,0
92128,8,2024,C,Y,0,0,0
92128,8,2024,I,Y,0,0,0
92128,8,2024,R,Y,5980,3218142,538
92129,8,2024,A,Y,0,0,0
92129,8,2024,C,Y,0,0,0
92129,8,2024,I,Y,0,0,0
92129,8,2024,R,N,4646,2067413,445
92130,8,2024,A,Y,0,0,0
92130,8,2024,C,Y,0,0,0
92130,8,2024,I,Y,0,0,0
92130,8,2024,R,N,6814,2885828,424
92131,8,2024,A,Y,0,0,0
92131,8,2024,C,Y,206,4016141,19496
92131,8,2024,I,Y,0,0,0
92131,8,2024,R,Y,3442,1687278,490
92132,8,2024,A,Y,0,0,0
92132,8,2024,C,Y,0,0,0
92132,8,2024,I,Y,0,0,0
92132,8,2024,R,Y,0,0,0
92134,8,2024,A,Y,0,0,0
92134,8,2024,C,Y,0,0,0
92134,8,2024,I,Y,0,0,0
92134,8,2024,R,Y,0,0,0
92135,8,2024,A,Y,0,0,0
92135,8,2024,C,Y,0,0,0
92135,8,2024,I,Y,0,0,0
92135,8,2024,R,Y,0,0,0
92136,8,2024,A,Y,0,0,0
92136,8,2024,C,Y,0,0,0
92136,8,2024,I,Y,0,0,0
92136,8,2024,R,Y,0,0,0
92139,8,2024,A,Y,0,0,0
92139,8,2024,C,Y,0,0,0
92139,8,2024,I,Y,0,0,0
92139,8,2024,R,N,2027,763922,377
92145,8,2024,A,Y,0,0,0
92145,8,2024,C,Y,0,0,0
92145,8,2024,I,Y,0,0,0
92145,8,2024,R,Y,0,0,0
92152,8,2024,A,Y,0,0,0
92152,8,2024,C,Y,0,0,0
92152,8,2024,I,Y,0,0,0
92152,8,2024,R,Y,0,0,0
92154,8,2024,A,Y,0,0,0
92154,8,2024,C,Y,624,10584794,16963
92154,8,2024,I,Y,0,0,0
92154,8,2024,R,Y,5339,2342304,439
92155,8,2024,A,Y,0,0,0
92155,8,2024,C,Y,0,0,0
92155,8,2024,I,Y,0,0,0
92155,8,2024,R,Y,0,0,0
92158,8,2024,A,Y,0,0,0
92158,8,2024,C,Y,0,0,0
92158,8,2024,I,Y,0,0,0
92158,8,2024,R,Y,0,0,0
92161,8,2024,A,Y,0,0,0
92161,8,2024,C,Y,0,0,0
92161,8,2024,I,Y,0,0,0
92161,8,2024,R,Y,0,0,0
92173,8,2024,A,Y,0,0,0
92173,8,2024,C,Y,0,0,0
92173,8,2024,I,Y,0,0,0
92173,8,2024,R,N,1258,288493,229
92179,8,2024,A,Y,0,0,0
92179,8,2024,C,Y,0,0,0
92179,8,2024,I,Y,0,0,0
92179,8,2024,R,Y,0,0,0
92182,8,2024,A,Y,0,0,0
92182,8,2024,C,Y,0,0,0
92182,8,2024,I,Y,0,0,0
92182,8,2024,R,Y,0,0,0
92199,8,2024,A,Y,0,0,0
92199,8,2024,C,Y,0,0,0
92199,8,2024,I,Y,0,0,0
92199,8,2024,R,Y,0,0,0
92536,8,2024,A,Y,0,0,0
92536,8,2024,C,Y,0,0,0
92536,8,2024,I,Y,0,0,0
92536,8,2024,R,Y,0,0,0
92624,8,2024,A,Y,0,0,0
92624,8,2024,C,Y,0,0,0
92624,8,2024,I,Y,0,0,0
92624,8,2024,R,N,2881,1417317,492
92625,8,2024,A,Y,0,0,0
92629,8,2024,A,Y,0,0,0
92629,8,2024,C,Y,0,0,0
92629,8,2024,I,Y,0,0,0
92629,8,2024,R,N,13145,6402121,487
92649,8,2024,A,Y,0,0,0
92651,8,2024,A,Y,0,0,0
92651,8,2024,C,Y,0,0,0
92651,8,2024,I,Y,0,0,0
92651,8,2024,R,Y,1642,1052645,641
92653,8,2024,A,Y,0,0,0
92653,8,2024,C,Y,0,0,0
92653,8,2024,I,Y,0,0,0
92653,8,2024,R,N,5753,4840782,841
92654,8,2024,A,Y,0,0,0
92654,8,2024,C,Y,0,0,0
92654,8,2024,I,Y,0,0,0
92654,8,2024,R,Y,0,0,0
92656,8,2024,A,Y,0,0,0
92656,8,2024,C,Y,0,0,0
92656,8,2024,I,Y,0,0,0
92656,8,2024,R,N,2348,1227866,523
92672,8,2024,A,Y,0,0,0
92672,8,2024,C,Y,0,0,0
92672,8,2024,I,Y,0,0,0
92672,8,2024,R,Y,15552,6359577,409
92673,8,2024,A,Y,0,0,0
92673,8,2024,C,N,762,6922198,9084
92673,8,2024,I,Y,0,0,0
92673,8,2024,R,N,10214,5726879,561
92674,8,2024,A,Y,0,0,0
92674,8,2024,C,Y,0,0,0
92674,8,2024,I,Y,0,0,0
92674,8,2024,R,Y,0,0,0
92675,8,2024,A,Y,0,0,0
92675,8,2024,C,Y,1318,9836264,7463
92675,8,2024,I,Y,0,0,0
92675,8,2024,R,Y,11957,7885376,659
92676,8,2024,A,Y,0,0,0
92676,8,2024,C,Y,0,0,0
92676,8,2024,I,Y,0,0,0
92676,8,2024,R,Y,0,0,0
92677,8,2024,A,Y,0,0,0
92677,8,2024,C,Y,1698,14092950,8300
92677,8,2024,I,Y,0,0,0
92677,8,2024,R,Y,23076,13593874,589
92679,8,2024,A,Y,0,0,0
92679,8,2024,C,Y,0,0,0
92679,8,2024,I,Y,0,0,0
92679,8,2024,R,N,3225,3199906,992
92688,8,2024,A,Y,0,0,0
92688,8,2024,C,Y,0,0,0
92688,8,2024,I,Y,0,0,0
92688,8,2024,R,N,1980,1241504,627
92690,8,2024,A,Y,0,0,0
92690,8,2024,C,Y,0,0,0
92690,8,2024,I,Y,0,0,0
92690,8,2024,R,Y,0,0,0
92691,8,2024,A,Y,0,0,0
92691,8,2024,C,Y,0,0,0
92691,8,2024,I,Y,0,0,0
92691,8,2024,R,Y,3919,2591115,661
92692,8,2024,A,Y,0,0,0
92692,8,2024,C,Y,0,0,0
92692,8,2024,I,Y,0,0,0
92692,8,2024,R,N,6336,4175291,659
92693,8,2024,A,Y,0,0,0
92693,8,2024,C,Y,0,0,0
92693,8,2024,I,Y,0,0,0
92693,8,2024,R,Y,0,0,0
92694,8,2024,A,Y,0,0,0
92694,8,2024,C,Y,0,0,0
92694,8,2024,I,Y,0,0,0
92694,8,2024,R,N,13063,8920933,683
91901,9,2024,A,Y,0,0,0
91901,9,2024,C,Y,0,0,0
91901,9,2024,I,Y,0,0,0
91901,9,2024,R,Y,2568,1647967,642
91902,9,2024,A,Y,0,0,0
91902,9,2024,C,Y,0,0,0
91902,9,2024,I,Y,0,0,0
91902,9,2024,R,N,1038,546420,526
91905,9,2024,A,Y,0,0,0
91905,9,2024,C,Y,0,0,0
91905,9,2024,I,Y,0,0,0
91905,9,2024,R,Y,0,0,0
91906,9,2024,A,Y,0,0,0
91906,9,2024,C,Y,0,0,0
91906,9,2024,I,Y,0,0,0
91906,9,2024,R,Y,567,326113,575
91910,9,2024,A,Y,0,0,0
91910,9,2024,C,Y,498,7866014,15795
91910,9,2024,I,Y,0,0,0
91910,9,2024,R,Y,7093,2544096,359
91911,9,2024,A,Y,0,0,0
91911,9,2024,C,Y,675,7858868,11643
91911,9,2024,I,Y,0,0,0
91911,9,2024,R,Y,6018,2210911,367
91912,9,2024,A,Y,0,0,0
91912,9,2024,C,Y,0,0,0
91912,9,2024,I,Y,0,0,0
91912,9,2024,R,Y,0,0,0
91913,9,2024,A,Y,0,0,0
91913,9,2024,C,Y,0,0,0
91913,9,2024,I,Y,0,0,0
91913,9,2024,R,N,6105,3056209,501
91914,9,2024,A,Y,0,0,0
91914,9,2024,C,Y,0,0,0
91914,9,2024,I,Y,0,0,0
91914,9,2024,R,N,853,475688,558
91915,9,2024,A,Y,0,0,0
91915,9,2024,C,Y,0,0,0
91915,9,2024,I,Y,0,0,0
91915,9,2024,R,Y,3759,1898371,505
91916,9,2024,A,Y,0,0,0
91916,9,2024,C,Y,0,0,0
91916,9,2024,I,Y,0,0,0
91916,9,2024,R,Y,0,0,0
91917,9,2024,A,Y,0,0,0
91917,9,2024,C,Y,0,0,0
91917,9,2024,I,Y,0,0,0
91917,9,2024,R,Y,0,0,0
91931,9,2024,A,Y,0,0,0
91931,9,2024,C,Y,0,0,0
91931,9,2024,I,Y,0,0,0
91931,9,2024,R,Y,0,0,0
91932,9,2024,A,Y,0,0,0
91932,9,2024,C,N,124,654086,5275
91932,9,2024,I,Y,0,0,0
91932,9,2024,R,N,3693,1174092,318
91934,9,2024,A,Y,0,0,0
91934,9,2024,C,Y,0,0,0
91934,9,2024,I,Y,0,0,0
91934,9,2024,R,Y,0,0,0
91935,9,2024,A,Y,0,0,0
91935,9,2024,C,Y,0,0,0
91935,9,2024,I,Y,0,0,0
91935,9,2024,R,N,520,320761,617
91941,9,2024,A,Y,0,0,0
91941,9,2024,C,Y,0,0,0
91941,9,2024,I,Y,0,0,0
91941,9,2024,R,N,3227,1528188,474
91942,9,2024,A,Y,0,0,0
91942,9,2024,C,N,523,5985937,11445
91942,9,2024,I,Y,0,0,0
91942,9,2024,R,N,6409,2773596,433
91945,9,2024,A,Y,0,0,0
91945,9,2024,C,N,588,3358374,5712
91945,9,2024,I,Y,0,0,0
91945,9,2024,R,N,9150,4252158,465
91948,9,2024,A,Y,0,0,0
91948,9,2024,C,Y,0,0,0
91948,9,2024,I,Y,0,0,0
91948,9,2024,R,Y,0,0,0
91950,9,2024,A,Y,0,0,0
91950,9,2024,C,Y,539,7704770,14295
91950,9,2024,I,Y,0,0,0
91950,9,2024,R,Y,3328,1413382,425
91962,9,2024,A,Y,0,0,0
91962,9,2024,C,Y,0,0,0
91962,9,2024,I,Y,0,0,0
91962,9,2024,R,Y,0,0,0
91963,9,2024,A,Y,0,0,0
91963,9,2024,C,Y,0,0,0
91963,9,2024,I,Y,0,0,0
91963,9,2024,R,Y,0,0,0
91977,9,2024,A,Y,0,0,0
91977,9,2024,C,Y,0,0,0
91977,9,2024,I,Y,0,0,0
91977,9,2024,R,N,3719,1704888,458
91978,9,2024,A,Y,0,0,0
91978,9,2024,C,Y,0,0,0
91978,9,2024,I,Y,0,0,0
91978,9,2024,R,N,651,471235,724
91980,9,2024,A,Y,0,0,0
91980,9,2024,C,Y,0,0,0
91980,9,2024,I,Y,0,0,0
91980,9,2024,R,Y,0,0,0
92003,9,2024,A,Y,0,0,0
92003,9,2024,C,Y,0,0,0
92003,9,2024,I,Y,0,0,0
92003,9,2024,R,N,400,195803,490
92004,9,2024,A,Y,0,0,0
92004,9,2024,C,Y,0,0,0
92004,9,2024,I,Y,0,0,0
92004,9,2024,R,Y,378,243447,644
92007,9,2024,A,Y,0,0,0
92007,9,2024,C,Y,0,0,0
92007,9,2024,I,Y,0,0,0
92007,9,2024,R,N,1282,493206,385
92008,9,2024,A,Y,0,0,0
92008,9,2024,C,N,731,11908710,16291
92008,9,2024,I,Y,0,0,0
92008,9,2024,R,N,5208,2082385,400
92009,9,2024,A,Y,0,0,0
92009,9,2024,C,Y,0,0,0
92009,9,2024,I,Y,0,0,0
92009,9,2024,R,N,4656,2206423,474
92010,9,2024,A,Y,0,0,0
92010,9,2024,C,N,240,1666980,6946
92010,9,2024,I,Y,0,0,0
92010,9,2024,R,N,2561,1675594,654
92011,9,2024,A,Y,0,0,0
92011,9,2024,C,N,261,2236052,8567
92011,9,2024,I,Y,0,0,0
92011,9,2024,R,N,3168,1394896,440
92014,9,2024,A,Y,0,0,0
92014,9,2024,C,Y,0,0,0
92014,9,2024,I,Y,0,0,0
92014,9,2024,R,N,1996,972272,487
92019,9,2024,A,Y,0,0,0
92019,9,2024,C,Y,0,0,0
92019,9,2024,I,Y,0,0,0
92019,9,2024,R,N,7645,4893927,640
92020,9,2024,A,Y,0,0,0
92020,9,2024,C,N,2039,17588341,8626
92020,9,2024,I,Y,0,0,0
92020,9,2024,R,N,19621,11274343,575
92021,9,2024,A,Y,0,0,0
92021,9,2024,C,N,877,7539795,8597
92021,9,2024,I,Y,0,0,0
92021,9,2024,R,N,13003,7849247,604
92024,9,2024,A,Y,0,0,0
92024,9,2024,C,Y,0,0,0
92024,9,2024,I,Y,0,0,0
92024,9,2024,R,Y,5134,2050643,399
92025,9,2024,A,Y,0,0,0
92025,9,2024,C,Y,422,4583118,10860
92025,9,2024,I,Y,0,0,0
92025,9,2024,R,Y,3298,1482124,449
92026,9,2024,A,Y,0,0,0
92026,9,2024,C,N,97,1294138,13342
92026,9,2024,I,Y,0,0,0
92026,9,2024,R,N,3444,1748775,508
92027,9,2024,A,Y,0,0,0
92027,9,2024,C,Y,0,0,0
92027,9,2024,I,Y,0,0,0
92027,9,2024,R,Y,3386,1625135,480
92028,9,2024,A,Y,0,0,0
92028,9,2024,C,Y,0,0,0
92028,9,2024,I,Y,0,0,0
92028,9,2024,R,N,4037,1931458,478
92029,9,2024,A,Y,0,0,0
92029,9,2024,C,Y,0,0,0
92029,9,2024,I,Y,0,0,0
92029,9,2024,R,N,1343,1207571,899
92036,9,2024,A,Y,0,0,0
92036,9,2024,C,Y,0,0,0
92036,9,2024,I,Y,0,0,0
92036,9,2024,R,Y,412,178604,434
92037,9,2024,A,Y,0,0,0
92037,9,2024,C,Y,0,0,0
92037,9,2024,I,Y,0,0,0
92037,9,2024,R,Y,6228,2748732,441
92040,9,2024,A,Y,0,0,0
92040,9,2024,C,Y,0,0,0
92040,9,2024,I,Y,0,0,0
92040,9,2024,R,N,3331,2736477,822
92045,9,2024,C,Y,0,0,0
92045,9,2024,I,Y,0,0,0
92045,9,2024,R,Y,0,0,0
92049,9,2024,A,Y,0,0,0
92049,9,2024,C,Y,0,0,0
92049,9,2024,I,Y,0,0,0
92049,9,2024,R,Y,0,0,0
92054,9,2024,A,Y,0,0,0
92054,9,2024,C,Y,183,2930695,16015
92054,9,2024,I,Y,0,0,0
92054,9,2024,R,Y,3120,971635,311
92055,9,2024,A,Y,0,0,0
92055,9,2024,C,Y,0,0,0
92055,9,2024,I,Y,0,0,0
92055,9,2024,R,Y,0,0,0
92056,9,2024,A,Y,0,0,0
92056,9,2024,C,Y,0,0,0
92056,9,2024,I,Y,0,0,0
92056,9,2024,R,N,5365,1576849,294
92057,9,2024,A,Y,0,0,0
92057,9,2024,C,Y,0,0,0
92057,9,2024,I,Y,0,0,0
92057,9,2024,R,N,5169,1414014,274
92058,9,2024,A,Y,0,0,0
92058,9,2024,C,Y,0,0,0
92058,9,2024,I,Y,0,0,0
92058,9,2024,R,Y,1497,1154015,771
92059,9,2024,A,Y,0,0,0
92059,9,2024,C,Y,0,0,0
92059,9,2024,I,Y,0,0,0
92059,9,2024,R,N,415,379581,915
92060,9,2024,A,Y,0,0,0
92060,9,2024,C,Y,0,0,0
92060,9,2024,I,Y,0,0,0
92060,9,2024,R,Y,0,0,0
92061,9,2024,A,Y,0,0,0
92061,9,2024,C,Y,0,0,0
92061,9,2024,I,Y,0,0,0
92061,9,2024,R,N,387,283377,732
92064,9,2024,A,Y,0,0,0
92064,9,2024,C,Y,0,0,0
92064,9,2024,I,Y,0,0,0
92064,9,2024,R,Y,15882,9246812,582
92065,9,2024,A,Y,0,0,0
92065,9,2024,C,Y,0,0,0
92065,9,2024,I,Y,0,0,0
92065,9,2024,R,Y,2926,1793366,613
92066,9,2024,A,Y,0,0,0
92066,9,2024,C,Y,0,0,0
92066,9,2024,I,Y,0,0,0
92066,9,2024,R,Y,0,0,0
92067,9,2024,A,Y,0,0,0
92067,9,2024,C,N,87,807839,9286
92067,9,2024,I,Y,0,0,0
92067,9,2024,R,N,592,902370,1524
92068,9,2024,A,Y,0,0,0
92068,9,2024,C,Y,0,0,0
92068,9,2024,I,Y,0,0,0
92068,9,2024,R,Y,0,0,0
92069,9,2024,A,Y,0,0,0
92069,9,2024,C,Y,0,0,0
92069,9,2024,I,Y,0,0,0
92069,9,2024,R,Y,3463,1013487,293
92070,9,2024,A,Y,0,0,0
92070,9,2024,C,Y,0,0,0
92070,9,2024,I,Y,0,0,0
92070,9,2024,R,Y,0,0,0
92071,9,2024,A,Y,0,0,0
92071,9,2024,C,Y,1372,10662756,7772
92071,9,2024,I,Y,0,0,0
92071,9,2024,R,Y,20172,12181963,604
92072,9,2024,A,Y,0,0,0
92072,9,2024,C,Y,0,0,0
92072,9,2024,I,Y,0,0,0
92072,9,2024,R,Y,0,0,0
92075,9,2024,A,Y,0,0,0
92075,9,2024,C,N,702,3213778,4578
92075,9,2024,I,Y,0,0,0
92075,9,2024,R,N,5700,2651994,465
92078,9,2024,A,Y,0,0,0
92078,9,2024,C,Y,0,0,0
92078,9,2024,I,Y,0,0,0
92078,9,2024,R,N,3722,2362422,635
92079,9,2024,A,Y,0,0,0
92079,9,2024,C,Y,0,0,0
92079,9,2024,I,Y,0,0,0
92079,9,2024,R,Y,0,0,0
92081,9,2024,A,Y,0,0,0
92081,9,2024,C,Y,0,0,0
92081,9,2024,I,Y,0,0,0
92081,9,2024,R,Y,2859,1207104,422
92082,9,2024,A,Y,0,0,0
92082,9,2024,C,Y,0,0,0
92082,9,2024,I,Y,0,0,0
92082,9,2024,R,Y,1845,1188841,644
92083,9,2024,A,Y,0,0,0
92083,9,2024,C,N,123,1468011,11935
92083,9,2024,I,Y,0,0,0
92083,9,2024,R,N,2568,849730,331
92084,9,2024,A,Y,0,0,0
92084,9,2024,C,Y,148,1545029,10439
92084,9,2024,I,Y,0,0,0
92084,9,2024,R,Y,3322,1156612,348
92085,9,2024,A,Y,0,0,0
92085,9,2024,C,Y,0,0,0
92085,9,2024,I,Y,0,0,0
92085,9,2024,R,Y,0,0,0
92086,9,2024,A,Y,0,0,0
92086,9,2024,C,Y,0,0,0
92086,9,2024,I,Y,0,0,0
92086,9,2024,R,Y,121,57606,476
92091,9,2024,A,Y,0,0,0
92091,9,2024,C,Y,0,0,0
92091,9,2024,I,Y,0,0,0
92091,9,2024,R,N,184,155180,843
92092,9,2024,A,Y,0,0,0
92092,9,2024,C,Y,0,0,0
92092,9,2024,I,Y,0,0,0
92092,9,2024,R,Y,0,0,0
92093,9,2024,A,Y,0,0,0
92093,9,2024,C,Y,0,0,0
92093,9,2024,I,Y,0,0,0
92093,9,2024,R,Y,0,0,0
92096,9,2024,A,Y,0,0,0
92096,9,2024,C,Y,0,0,0
92096,9,2024,I,Y,0,0,0
92096,9,2024,R,Y,0,0,0
92101,9,2024,A,Y,0,0,0
92101,9,2024,C,Y,0,0,0
92101,9,2024,I,Y,0,0,0
92101,9,2024,R,Y,16238,7557224,465
92102,9,2024,A,Y,0,0,0
92102,9,2024,C,N,206,1962480,9527
92102,9,2024,I,Y,0,0,0
92102,9,2024,R,N,4833,1647439,341
92103,9,2024,A,Y,0,0,0
92103,9,2024,C,Y,0,0,0
92103,9,2024,I,Y,0,0,0
92103,9,2024,R,N,8008,2576304,322
92104,9,2024,A,Y,0,0,0
92104,9,2024,C,Y,0,0,0
92104,9,2024,I,Y,0,0,0
92104,9,2024,R,N,9000,2580276,287
92105,9,2024,A,Y,0,0,0
92105,9,2024,C,Y,0,0,0
92105,9,2024,I,Y,0,0,0
92105,9,2024,R,N,6138,1975814,322
92106,9,2024,A,Y,0,0,0
92106,9,2024,C,Y,0,0,0
92106,9,2024,I,Y,0,0,0
92106,9,2024,R,Y,2151,847275,394
92107,9,2024,A,Y,0,0,0
92107,9,2024,C,N,163,782752,4802
92107,9,2024,I,Y,0,0,0
92107,9,2024,R,N,4657,1302764,280
92108,9,2024,A,Y,0,0,0
92108,9,2024,C,N,467,13232320,28335
92108,9,2024,I,Y,0,0,0
92108,9,2024,R,N,8627,3782806,438
92109,9,2024,A,Y,0,0,0
92109,9,2024,C,Y,0,0,0
92109,9,2024,I,Y,0,0,0
92109,9,2024,R,N,9782,3012166,308
92110,9,2024,A,Y,0,0,0
92110,9,2024,C,Y,0,0,0
92110,9,2024,I,Y,0,0,0
92110,9,2024,R,N,4647,1724225,371
92111,9,2024,A,Y,0,0,0
92111,9,2024,C,Y,681,6566599,9643
92111,9,2024,I,Y,0,0,0
92111,9,2024,R,Y,4521,1575082,348
92112,9,2024,A,Y,0,0,0
92112,9,2024,C,Y,0,0,0
92112,9,2024,I,Y,0,0,0
92112,9,2024,R,Y,0,0,0
92113,9,2024,A,Y,0,0,0
92113,9,2024,C,Y,0,0,0
92113,9,2024,I,Y,0,0,0
92113,9,2024,R,N,3524,1103048,313
92114,9,2024,A,Y,0,0,0
92114,9,2024,C,Y,0,0,0
92114,9,2024,I,Y,0,0,0
92114,9,2024,R,N,3404,1448247,425
92115,9,2024,A,Y,0,0,0
92115,9,2024,C,Y,595,6159868,10353
92115,9,2024,I,Y,0,0,0
92115,9,2024,R,Y,7913,3133293,396
92116,9,2024,A,Y,0,0,0
92116,9,2024,C,Y,0,0,0
92116,9,2024,I,Y,0,0,0
92116,9,2024,R,N,6473,1847002,285
92117,9,2024,A,Y,0,0,0
92117,9,2024,C,Y,0,0,0
92117,9,2024,I,Y,0,0,0
92117,9,2024,R,N,5702,1740810,305
92118,9,2024,A,Y,0,0,0
92118,9,2024,C,Y,0,0,0
92118,9,2024,I,Y,0,0,0
92118,9,2024,R,Y,7947,5136140,646
92119,9,2024,A,Y,0,0,0
92119,9,2024,C,Y,0,0,0
92119,9,2024,I,Y,0,0,0
92119,9,2024,R,N,2477,1038470,419
92120,9,2024,A,Y,0,0,0
92120,9,2024,C,Y,0,0,0
92120,9,2024,I,Y,0,0,0
92120,9,2024,R,N,4407,2100938,477
92121,9,2024,A,Y,0,0,0
92121,9,2024,C,Y,0,0,0
92121,9,2024,I,Y,0,0,0
92121,9,2024,R,Y,782,683426,874
92122,9,2024,A,Y,0,0,0
92122,9,2024,C,Y,0,0,0
92122,9,2024,I,Y,0,0,0
92122,9,2024,R,N,10987,3449798,314
92123,9,2024,A,Y,0,0,0
92123,9,2024,C,Y,494,20051852,40591
92123,9,2024,I,Y,0,0,0
92123,9,2024,R,Y,4926,2797023,568
92124,9,2024,A,Y,0,0,0
92124,9,2024,C,Y,0,0,0
92124,9,2024,I,Y,0,0,0
92124,9,2024,R,N,3120,1399219,448
92126,9,2024,A,Y,0,0,0
92126,9,2024,C,Y,657,4831910,7355
92126,9,2024,I,Y,0,0,0
92126,9,2024,R,Y,8740,3144898,360
92127,9,2024,A,Y,0,0,0
92127,9,2024,C,Y,0,0,0
92127,9,2024,I,Y,0,0,0
92127,9,2024,R,N,3718,2783353,749
92128,9,2024,A,Y,0,0,0
92128,9,2024,C,Y,0,0,0
92128,9,2024,I,Y,0,0,0
92128,9,2024,R,Y,6112,3089635,506
92129,9,2024,A,Y,0,0,0
92129,9,2024,C,Y,0,0,0
92129,9,2024,I,Y,0,0,0
92129,9,2024,R,N,4771,2083834,437
92130,9,2024,A,Y,0,0,0
92130,9,2024,C,N,326,8557053,26249
92130,9,2024,I,Y,0,0,0
92130,9,2024,R,N,6920,3020755,437
92131,9,2024,A,Y,0,0,0
92131,9,2024,C,Y,210,3743275,17825
92131,9,2024,I,Y,0,0,0
92131,9,2024,R,Y,3488,1581008,453
92132,9,2024,A,Y,0,0,0
92132,9,2024,C,Y,0,0,0
92132,9,2024,I,Y,0,0,0
92132,9,2024,R,Y,0,0,0
92134,9,2024,A,Y,0,0,0
92134,9,2024,C,Y,0,0,0
92134,9,2024,I,Y,0,0,0
92134,9,2024,R,Y,0,0,0
92135,9,2024,A,Y,0,0,0
92135,9,2024,C,Y,0,0,0
92135,9,2024,I,Y,0,0,0
92135,9,2024,R,Y,0,0,0
92136,9,2024,A,Y,0,0,0
92136,9,2024,C,Y,0,0,0
92136,9,2024,I,Y,0,0,0
92136,9,2024,R,Y,0,0,0
92139,9,2024,A,Y,0,0,0
92139,9,2024,C,Y,0,0,0
92139,9,2024,I,Y,0,0,0
92139,9,2024,R,N,2094,793131,379
92145,9,2024,A,Y,0,0,0
92145,9,2024,C,Y,0,0,0
92145,9,2024,I,Y,0,0,0
92145,9,2024,R,Y,0,0,0
92152,9,2024,A,Y,0,0,0
92152,9,2024,C,Y,0,0,0
92152,9,2024,I,Y,0,0,0
92152,9,2024,R,Y,0,0,0
92154,9,2024,A,Y,0,0,0
92154,9,2024,C,Y,643,10579811,16454
92154,9,2024,I,Y,0,0,0
92154,9,2024,R,Y,5481,2416289,441
92155,9,2024,A,Y,0,0,0
92155,9,2024,C,Y,0,0,0
92155,9,2024,I,Y,0,0,0
92155,9,2024,R,Y,0,0,0
92158,9,2024,A,Y,0,0,0
92158,9,2024,C,Y,0,0,0
92158,9,2024,I,Y,0,0,0
92158,9,2024,R,Y,0,0,0
92161,9,2024,A,Y,0,0,0
92161,9,2024,C,Y,0,0,0
92161,9,2024,I,Y,0,0,0
92161,9,2024,R,Y,0,0,0
92173,9,2024,A,Y,0,0,0
92173,9,2024,C,Y,0,0,0
92173,9,2024,I,Y,0,0,0
92173,9,2024,R,N,1294,321475,248
92179,9,2024,A,Y,0,0,0
92179,9,2024,C,Y,0,0,0
92179,9,2024,I,Y,0,0,0
92179,9,2024,R,Y,0,0,0
92182,9,2024,A,Y,0,0,0
92182,9,2024,C,Y,0,0,0
92182,9,2024,I,Y,0,0,0
92182,9,2024,R,Y,0,0,0
92199,9,2024,A,Y,0,0,0
92199,9,2024,C,Y,0,0,0
92199,9,2024,I,Y,0,0,0
92199,9,2024,R,Y,0,0,0
92536,9,2024,A,Y,0,0,0
92536,9,2024,C,Y,0,0,0
92536,9,2024,I,Y,0,0,0
92536,9,2024,R,Y,0,0,0
92624,9,2024,A,Y,0,0,0
92624,9,2024,C,Y,0,0,0
92624,9,2024,I,Y,0,0,0
92624,9,2024,R,N,2896,1565647,541
92625,9,2024,A,Y,0,0,0
92629,9,2024,A,Y,0,0,0
92629,9,2024,C,Y,0,0,0
92629,9,2024,I,Y,0,0,0
92629,9,2024,R,N,13142,6584331,501
92649,9,2024,A,Y,0,0,0
92651,9,2024,A,Y,0,0,0
92651,9,2024,C,Y,0,0,0
92651,9,2024,I,Y,0,0,0
92651,9,2024,R,Y,1636,1063053,650
92653,9,2024,A,Y,0,0,0
92653,9,2024,C,Y,0,0,0
92653,9,2024,I,Y,0,0,0
92653,9,2024,R,N,5767,4727039,820
92654,9,2024,A,Y,0,0,0
92654,9,2024,C,Y,0,0,0
92654,9,2024,I,Y,0,0,0
92654,9,2024,R,Y,0,0,0
92656,9,2024,A,Y,0,0,0
92656,9,2024,C,Y,0,0,0
92656,9,2024,I,Y,0,0,0
92656,9,2024,R,N,2339,1202322,514
92672,9,2024,A,Y,0,0,0
92672,9,2024,C,Y,0,0,0
92672,9,2024,I,Y,0,0,0
92672,9,2024,R,Y,15573,6773356,435
92673,9,2024,A,Y,0,0,0
92673,9,2024,C,N,760,6769891,8908
92673,9,2024,I,Y,0,0,0
92673,9,2024,R,N,10221,6384424,625
92674,9,2024,A,Y,0,0,0
92674,9,2024,C,Y,0,0,0
92674,9,2024,I,Y,0,0,0
92674,9,2024,R,Y,0,0,0
92675,9,2024,A,Y,0,0,0
92675,9,2024,C,Y,1318,9934417,7537
92675,9,2024,I,Y,0,0,0
92675,9,2024,R,Y,11949,8275045,693
92676,9,2024,A,Y,0,0,0
92676,9,2024,C,Y,0,0,0
92676,9,2024,I,Y,0,0,0
92676,9,2024,R,Y,0,0,0
92677,9,2024,A,Y,0,0,0
92677,9,2024,C,Y,1708,14557671,8523
92677,9,2024,I,Y,0,0,0
92677,9,2024,R,Y,23084,13761275,596
92679,9,2024,A,Y,0,0,0
92679,9,2024,C,Y,0,0,0
92679,9,2024,I,Y,0,0,0
92679,9,2024,R,N,3218,3197880,994
92688,9,2024,A,Y,0,0,0
92688,9,2024,C,Y,0,0,0
92688,9,2024,I,Y,0,0,0
92688,9,2024,R,N,1973,1267878,643
92690,9,2024,A,Y,0,0,0
92690,9,2024,C,Y,0,0,0
92690,9,2024,I,Y,0,0,0
92690,9,2024,R,Y,0,0,0
92691,9,2024,A,Y,0,0,0
92691,9,2024,C,Y,0,0,0
92691,9,2024,I,Y,0,0,0
92691,9,2024,R,Y,3917,2439678,623
92692,9,2024,A,Y,0,0,0
92692,9,2024,C,Y,0,0,0
92692,9,2024,I,Y,0,0,0
92692,9,2024,R,N,6342,4062315,641
92693,9,2024,A,Y,0,0,0
92693,9,2024,C,Y,0,0,0
92693,9,2024,I,Y,0,0,0
92693,9,2024,R,Y,0,0,0
92694,9,2024,A,Y,0,0,0
92694,9,2024,C,Y,0,0,0
92694,9,2024,I,Y,0,0,0
92694,9,2024,R,N,13086,9367136,716
